avg Z,avg_heat_of_vaporization_(kJ/mol)_,avg ion. rad.,Δ 1st ion. pot.,Δ boil. point,dev_MB_electonegativity,Δ unf. d elec.,dev_ionic_radius,Σ Gilman VEC,sum_valence_p
22.766,349.37218,1.337,34.51822800000001,135.48973800000013,0.08387886000000001,2.3145480000000003,0.09311399999999993,4.637,0.42
22.547,348.59842000000003,1.33415,38.96029800000004,139.64346400000005,0.08487920000000002,2.408592,0.09508739999999995,4.6049999999999995,0.439
22.238999999999997,341.99060000000003,1.34045,59.199288000000024,133.92290600000007,0.05698199999999988,2.505492,0.08372729999999995,4.505999999999999,0.397
22.41,353.02298,1.3232000000000002,26.027131999999973,151.93005799999986,0.10701654000000009,2.4858120000000006,0.10859519999999988,4.632999999999999,0.512
24.130999999999997,349.65088000000003,1.3632499999999999,20.04826800000003,90.43717800000029,0.05312316000000006,1.5383880000000003,0.06240150000000002,4.792000000000001,0.245
