avg 1st ion. pot.,avg period,avg VEC,dev_Boiling_Point_(K),dev_l_quantum_number,dev_metallic_valence,Σ MB EN,Σ cryst. rad.,Σ therm. cond.,Σ val. p
747.207,3.739,5.21342,135.48973800000013,0.38575799999999993,0.83740524,1.71623,0.62757,106.97380000000001,0.42
744.497,3.722,5.16816,139.64346400000005,0.401432,0.88349696,1.7164,0.62459,109.4614,0.439
728.252,3.7030000000000003,5.054340000000001,133.92290600000007,0.417582,1.02027796,1.6950899999999998,0.6294799999999999,117.86959999999999,0.397
753.859,3.7070000000000003,5.184460000000001,151.93005799999986,0.4143019999999999,0.8420935599999998,1.7356699999999996,0.6146499999999999,106.6514,0.512
753.862,3.8489999999999998,5.45422,90.43717800000029,0.256398,0.55317444,1.69743,0.6536199999999999,95.5108,0.245
