avg rad. Zunger,avg cryst. rad.,avg group,avg_ionic_radius,avg q. num. l,Δ M. num.,sum_Miracle_Radius__pm_,sum_Pauling_Electronegativity,sum_heat_atomization(kJ/mol),Σ specific heat
1.9559199999999997,0.62757,9.464,1.337,1.739,8.118653999999998,124.24700000000001,1.8186900000000001,414.022,0.5298499999999999
1.9480149999999998,0.62459,9.551,1.33415,1.722,8.388195999999999,124.45700000000001,1.81553,412.71,0.53729
1.9553049999999996,0.6294799999999999,9.585,1.34045,1.703,8.219476,126.652,1.7936599999999998,403.27599999999995,0.55762
1.9267,0.61465,9.684000000000001,1.3232000000000002,1.7070000000000003,9.005766000000005,122.899,1.8290499999999998,418.63800000000003,0.5331699999999999
2.020345,0.6536199999999999,8.849,1.3632499999999999,1.849,5.413224000000001,124.50200000000001,1.82404,415.952,0.49160000000000004
