δ,Yang omega,APE mean,ΔSmix,A̅,δχ,VEC,ΔHmix,Mean cohesive energy,G,Λ
0.0630253302334874,0.5044708994685292,0.0239796465460112,0.0062250004181193,48.48716643720001,0.0466047347513638,6.854000000000001,-20.99934,4.244870000000001,-0.0562634213532945,1.567144796803151
0.0652175615627282,0.5112632244936008,0.0220694549951138,0.0064870207446696,47.9986955162,0.0491680156084745,6.771,-21.422348,4.23222,-0.0605344750011863,1.5251626918033467
0.066155424682347,0.6187428160905599,0.0054806253865122,0.0066348316535283,47.3829481042,0.0602817931300934,6.615000000000001,-17.432804,4.1396700000000015,-0.0719999914073904,1.5159992431778495
0.0649947568384694,0.4367175385474195,-0.0207491384629703,0.0064050978884851,47.6297733564,0.0415089151238887,6.754,-25.210268,4.29079,-0.0550955153151274,1.5162441030675118
0.0478521130432745,0.5564555078625131,0.024435720018212,0.004360904159004,51.5903897002,0.0363812008370833,7.339,-13.70934,4.26217,-0.0341720435177734,1.9044707290302607
